"3.1:1_50","2742165491270221407","RESPONDENT","REJECT"
"3.1:1_50","1143409842130475681","BIDDER","1"
"3.1:2_50","2742165491270221407","BIDDER","1"
"3.1:2_50","1143409842130475681","RESPONDENT","REJECT"
"3.1:1_50","268834165469142501","BIDDER","1"
"3.1:1_50","1866485237890815039","RESPONDENT","REJECT"
"3.1:2_50","268834165469142501","RESPONDENT","ACCEPT"
"3.1:2_50","1866485237890815039","BIDDER","1"
"3.1:1_50","1152264498974623379","BIDDER","88"
"3.1:1_50","893105978371245592","RESPONDENT","ACCEPT"
"3.1:2_50","1152264498974623379","BIDDER","50"
"3.1:2_50","893105978371245592","RESPONDENT","REJECT"
"3.1:1_50","2007136161421278353","BIDDER","56"
"3.1:1_50","5411088691097927593","RESPONDENT","REJECT"
"3.1:2_50","2007136161421278353","RESPONDENT","ACCEPT"
"3.1:2_50","5411088691097927593","BIDDER","76"
"3.1:1_50","5411088691097927593","BIDDER","78"
"3.1:1_50","2007136161421278353","RESPONDENT","ACCEPT"
"3.1:2_50","5411088691097927593","RESPONDENT","REJECT"
"3.1:2_50","2007136161421278353","BIDDER","11"
"3.1:1_50","5411088691097927593","BIDDER","28"
"3.1:1_50","2007136161421278353","RESPONDENT","REJECT"
"3.1:2_50","5411088691097927593","BIDDER","24"
"3.1:2_50","2007136161421278353","RESPONDENT","ACCEPT"
"3.1:1_50","2007136161421278353","RESPONDENT","REJECT"
"3.1:1_50","5411088691097927593","BIDDER","95"
"3.1:2_50","2007136161421278353","RESPONDENT","REJECT"
"3.1:2_50","5411088691097927593","BIDDER","22"
"3.1:1_50","2007136161421278353","RESPONDENT","REJECT"
"3.1:1_50","5411088691097927593","BIDDER","20"
"3.1:2_50","2007136161421278353","RESPONDENT","ACCEPT"
"3.1:2_50","5411088691097927593","BIDDER","33"
"3.1:1_50","2007136161421278353","RESPONDENT","ACCEPT"
"3.1:1_50","5411088691097927593","BIDDER","24"
"3.1:2_50","2007136161421278353","BIDDER","ACCEPT","50"
"3.1:2_50","5411088691097927593","RESPONDENT","33","ACCEPT"
"3.1:1_50","5411088691097927593","BIDDER","43"
"3.1:1_50","15979887681031825059","RESPONDENT","ACCEPT"
"3.1:2_50","5411088691097927593","RESPONDENT","REJECT"
"3.1:2_50","15979887681031825059","BIDDER","47"
"3.1:1_50","5411088691097927593","RESPONDENT","43","REJECT"
"3.1:1_50","15979887681031825059","BIDDER","ACCEPT","12"
"3.1:2_50","5411088691097927593","BIDDER","REJECT","33"
"3.1:2_50","15979887681031825059","RESPONDENT","47","ACCEPT"
"3.1:1_50","21432883211857911239","BIDDER","50"
"3.1:1_50","8015631241881292832","RESPONDENT","ACCEPT"
"3.1:2_50","21432883211857911239","BIDDER","3"
"3.1:2_50","8015631241881292832","RESPONDENT","ACCEPT"
"3.1:3_50","21432883211857911239","RESPONDENT","REJECT"
"3.1:3_50","8015631241881292832","BIDDER","12"
"3.1:4_50","21432883211857911239","RESPONDENT","REJECT"
"3.1:4_50","8015631241881292832","BIDDER","42"
"3.1:5_50","21432883211857911239","RESPONDENT","REJECT"
"3.1:5_50","8015631241881292832","BIDDER","64"
"3.1:6_50","21432883211857911239","BIDDER","2"
"3.1:6_50","8015631241881292832","RESPONDENT","ACCEPT"
"3.1:7_50","21432883211857911239","RESPONDENT","REJECT"
"3.1:7_50","8015631241881292832","BIDDER","91"
"3.1:8_50","21432883211857911239","BIDDER","42"
"3.1:8_50","8015631241881292832","RESPONDENT","ACCEPT"
"3.1:9_50","21432883211857911239","BIDDER","19"
"3.1:9_50","8015631241881292832","RESPONDENT","ACCEPT"
"3.1:10_50","21432883211857911239","RESPONDENT","ACCEPT"
"3.1:10_50","8015631241881292832","BIDDER","87"
"3.1:1_50","1234270653592773036","RESPONDENT","ACCEPT"
"3.1:1_50","322539812366027227","BIDDER","19"
"3.1:2_50","1234270653592773036","BIDDER","93"
"3.1:2_50","322539812366027227","RESPONDENT","ACCEPT"
"3.1:3_50","1234270653592773036","BIDDER","85"
"3.1:3_50","322539812366027227","RESPONDENT","REJECT"
"3.1:4_50","1234270653592773036","BIDDER","21"
"3.1:4_50","322539812366027227","RESPONDENT","REJECT"
"3.1:5_50","1234270653592773036","BIDDER","41"
"3.1:5_50","322539812366027227","RESPONDENT","ACCEPT"
"3.1:6_50","1234270653592773036","RESPONDENT","ACCEPT"
"3.1:6_50","322539812366027227","BIDDER","68"
"3.1:7_50","1234270653592773036","BIDDER","45"
"3.1:7_50","322539812366027227","RESPONDENT","ACCEPT"
"3.1:8_50","1234270653592773036","RESPONDENT","REJECT"
"3.1:8_50","322539812366027227","BIDDER","55"
"3.1:9_50","1234270653592773036","BIDDER","71"
"3.1:9_50","322539812366027227","RESPONDENT","REJECT"
"3.1:10_50","1234270653592773036","RESPONDENT","ACCEPT"
"3.1:10_50","322539812366027227","BIDDER","59"
"3.1:1_50","13576128361033328129","BIDDER","31"
"3.1:1_50","4750455911807094376","RESPONDENT","REJECT"
"3.1:2_50","13576128361033328129","BIDDER","38"
"3.1:2_50","4750455911807094376","RESPONDENT","ACCEPT"
"3.1:3_50","13576128361033328129","BIDDER","56"
"3.1:3_50","4750455911807094376","RESPONDENT","REJECT"
"3.1:4_50","13576128361033328129","RESPONDENT","REJECT"
"3.1:4_50","4750455911807094376","BIDDER","66"
"3.1:5_50","13576128361033328129","BIDDER","86"
"3.1:5_50","4750455911807094376","RESPONDENT","REJECT"
"3.1:6_50","13576128361033328129","BIDDER","23"
"3.1:6_50","4750455911807094376","RESPONDENT","ACCEPT"
"3.1:7_50","13576128361033328129","RESPONDENT","REJECT"
"3.1:7_50","4750455911807094376","BIDDER","71"
"3.1:8_50","13576128361033328129","RESPONDENT","REJECT"
"3.1:8_50","4750455911807094376","BIDDER","99"
"3.1:9_50","13576128361033328129","BIDDER","100"
"3.1:9_50","4750455911807094376","RESPONDENT","REJECT"
"3.1:10_50","13576128361033328129","BIDDER","59"
"3.1:10_50","4750455911807094376","RESPONDENT","ACCEPT"
"3.1:1_50","1234270653592773036","BIDDER","ACCEPT","7"
"3.1:1_50","322539812366027227","RESPONDENT","19","ACCEPT"
"3.1:2_50","1234270653592773036","RESPONDENT","93","REJECT"
"3.1:2_50","322539812366027227","BIDDER","ACCEPT","51"
"3.1:3_50","1234270653592773036","BIDDER","22"
"3.1:3_50","322539812366027227","RESPONDENT","ACCEPT"
"3.1:4_50","1234270653592773036","BIDDER","18"
"3.1:4_50","322539812366027227","RESPONDENT","REJECT"
"3.1:5_50","1234270653592773036","BIDDER","43"
"3.1:5_50","322539812366027227","RESPONDENT","ACCEPT"
"3.1:6_50","1234270653592773036","RESPONDENT","REJECT"
"3.1:6_50","322539812366027227","BIDDER","73"
"3.1:7_50","1234270653592773036","BIDDER","51"
"3.1:7_50","322539812366027227","RESPONDENT","ACCEPT"
"3.1:8_50","1234270653592773036","RESPONDENT","ACCEPT"
"3.1:8_50","322539812366027227","BIDDER","11"
"3.1:9_50","1234270653592773036","RESPONDENT","71","ACCEPT"
"3.1:9_50","322539812366027227","BIDDER","REJECT","18"
"3.1:10_50","1234270653592773036","BIDDER","ACCEPT","89"
"3.1:10_50","322539812366027227","RESPONDENT","59","ACCEPT"
"3.1:1_50","13576128361033328129","RESPONDENT","31","REJECT"
"3.1:1_50","4750455911807094376","BIDDER","REJECT","98"
"3.1:2_50","13576128361033328129","RESPONDENT","38","REJECT"
"3.1:2_50","4750455911807094376","BIDDER","ACCEPT","37"
"3.1:3_50","13576128361033328129","BIDDER","59"
"3.1:3_50","4750455911807094376","RESPONDENT","ACCEPT"
"3.1:4_50","13576128361033328129","BIDDER","REJECT","17"
"3.1:4_50","4750455911807094376","RESPONDENT","66","REJECT"
"3.1:5_50","13576128361033328129","BIDDER","57"
"3.1:5_50","4750455911807094376","RESPONDENT","ACCEPT"
"3.1:6_50","13576128361033328129","RESPONDENT","23","ACCEPT"
"3.1:6_50","4750455911807094376","BIDDER","ACCEPT","85"
"3.1:7_50","13576128361033328129","RESPONDENT","REJECT"
"3.1:7_50","4750455911807094376","BIDDER","100"
"3.1:8_50","13576128361033328129","BIDDER","REJECT","58"
"3.1:8_50","4750455911807094376","RESPONDENT","99","REJECT"
"3.1:9_50","13576128361033328129","BIDDER","84"
"3.1:9_50","4750455911807094376","RESPONDENT","REJECT"
"3.1:10_50","13576128361033328129","RESPONDENT","59","ACCEPT"
"3.1:10_50","4750455911807094376","BIDDER","ACCEPT","30"
"3.1:1_50","1234270653592773036","RESPONDENT","ACCEPT","7"
"3.1:1_50","322539812366027227","BIDDER","2","ACCEPT"
"3.1:2_50","1234270653592773036","RESPONDENT","93","REJECT"
"3.1:2_50","322539812366027227","BIDDER","ACCEPT","76"
"3.1:3_50","1234270653592773036","BIDDER","73"
"3.1:3_50","322539812366027227","RESPONDENT","REJECT"
"3.1:4_50","1234270653592773036","RESPONDENT","18","REJECT"
"3.1:4_50","322539812366027227","BIDDER","REJECT","50"
"3.1:5_50","1234270653592773036","BIDDER","53"
"3.1:5_50","322539812366027227","RESPONDENT","ACCEPT"
"3.1:6_50","1234270653592773036","RESPONDENT","REJECT"
"3.1:6_50","322539812366027227","BIDDER","38"
"3.1:7_50","1234270653592773036","RESPONDENT","51","REJECT"
"3.1:7_50","322539812366027227","BIDDER","ACCEPT","71"
"3.1:8_50","1234270653592773036","BIDDER","ACCEPT","26"
"3.1:8_50","322539812366027227","RESPONDENT","11","REJECT"
"3.1:9_50","1234270653592773036","BIDDER","96","ACCEPT"
"3.1:9_50","322539812366027227","RESPONDENT","ACCEPT","18"
"3.1:10_50","1234270653592773036","BIDDER","ACCEPT","39"
"3.1:10_50","322539812366027227","RESPONDENT","59","REJECT"
"3.1:1_50","10279283761776913363","BIDDER","94"
"3.1:1_50","1104470648943715602","RESPONDENT","ACCEPT"
"3.1:2_50","10279283761776913363","BIDDER","80"
"3.1:2_50","1104470648943715602","RESPONDENT","REJECT"
"3.1:3_50","10279283761776913363","BIDDER","18"
"3.1:3_50","1104470648943715602","RESPONDENT","REJECT"
"3.1:4_50","10279283761776913363","BIDDER","86"
"3.1:4_50","1104470648943715602","RESPONDENT","ACCEPT"
"3.1:5_50","10279283761776913363","BIDDER","36"
"3.1:5_50","1104470648943715602","RESPONDENT","REJECT"
"3.1:6_50","10279283761776913363","BIDDER","1"
"3.1:6_50","1104470648943715602","RESPONDENT","ACCEPT"
"3.1:7_50","10279283761776913363","BIDDER","97"
"3.1:7_50","1104470648943715602","RESPONDENT","REJECT"
"3.1:8_50","10279283761776913363","RESPONDENT","REJECT"
"3.1:8_50","1104470648943715602","BIDDER","90"
"3.1:9_50","10279283761776913363","RESPONDENT","ACCEPT"
"3.1:9_50","1104470648943715602","BIDDER","67"
"3.1:10_50","10279283761776913363","BIDDER","16"
"3.1:10_50","1104470648943715602","RESPONDENT","ACCEPT"
"3.1:1_50","13576128361033328129","BIDDER","17","REJECT"
"3.1:1_50","4750455911807094376","RESPONDENT","REJECT","98"
"3.1:2_50","13576128361033328129","RESPONDENT","38","REJECT"
"3.1:2_50","4750455911807094376","BIDDER","ACCEPT","36"
"3.1:3_50","13576128361033328129","RESPONDENT","59","ACCEPT"
"3.1:3_50","4750455911807094376","BIDDER","ACCEPT","94"
"3.1:4_50","13576128361033328129","RESPONDENT","REJECT","17"
"3.1:4_50","4750455911807094376","BIDDER","17","REJECT"
"3.1:5_50","13576128361033328129","BIDDER","14"
"3.1:5_50","4750455911807094376","RESPONDENT","REJECT"
"3.1:6_50","13576128361033328129","RESPONDENT","23","REJECT"
"3.1:6_50","4750455911807094376","BIDDER","ACCEPT","20"
"3.1:7_50","13576128361033328129","RESPONDENT","REJECT"
"3.1:7_50","4750455911807094376","BIDDER","47"
"3.1:8_50","13576128361033328129","BIDDER","REJECT","43"
"3.1:8_50","4750455911807094376","RESPONDENT","99","ACCEPT"
"3.1:9_50","13576128361033328129","RESPONDENT","84","REJECT"
"3.1:9_50","4750455911807094376","BIDDER","REJECT","70"
"3.1:10_50","13576128361033328129","RESPONDENT","59","ACCEPT"
"3.1:10_50","4750455911807094376","BIDDER","ACCEPT","57"
"3.1:1_50","10279283761776913363","BIDDER","24"
"3.1:1_50","1104470648943715602","RESPONDENT","REJECT"
"3.1:2_50","10279283761776913363","RESPONDENT","80","REJECT"
"3.1:2_50","1104470648943715602","BIDDER","REJECT","29"
"3.1:3_50","10279283761776913363","BIDDER","79"
"3.1:3_50","1104470648943715602","RESPONDENT","ACCEPT"
"3.1:4_50","10279283761776913363","BIDDER","65"
"3.1:4_50","1104470648943715602","RESPONDENT","ACCEPT"
"3.1:5_50","10279283761776913363","RESPONDENT","36","REJECT"
"3.1:5_50","1104470648943715602","BIDDER","REJECT","76"
"3.1:6_50","10279283761776913363","RESPONDENT","1","REJECT"
"3.1:6_50","1104470648943715602","BIDDER","ACCEPT","22"
"3.1:7_50","10279283761776913363","BIDDER","34"
"3.1:7_50","1104470648943715602","RESPONDENT","REJECT"
"3.1:8_50","10279283761776913363","RESPONDENT","REJECT"
"3.1:8_50","1104470648943715602","BIDDER","21"
"3.1:9_50","10279283761776913363","BIDDER","ACCEPT","76"
"3.1:9_50","1104470648943715602","RESPONDENT","67","ACCEPT"
"3.1:10_50","10279283761776913363","BIDDER","15"
"3.1:10_50","1104470648943715602","RESPONDENT","ACCEPT"
"3.1:1_50","1234270653592773036","BIDDER","ACCEPT","73"
"3.1:1_50","322539812366027227","RESPONDENT","2","REJECT"
"3.1:2_50","1234270653592773036","RESPONDENT","93","REJECT"
"3.1:2_50","322539812366027227","BIDDER","ACCEPT","61"
"3.1:3_50","1234270653592773036","RESPONDENT","73","ACCEPT"
"3.1:3_50","322539812366027227","BIDDER","REJECT","74"
"3.1:4_50","1234270653592773036","RESPONDENT","18","ACCEPT"
"3.1:4_50","322539812366027227","BIDDER","REJECT","100"
"3.1:5_50","1234270653592773036","RESPONDENT","53","ACCEPT"
"3.1:5_50","322539812366027227","BIDDER","ACCEPT","44"
"3.1:6_50","1234270653592773036","RESPONDENT","REJECT"
"3.1:6_50","322539812366027227","BIDDER","77"
"3.1:7_50","1234270653592773036","BIDDER","48","REJECT"
"3.1:7_50","322539812366027227","RESPONDENT","ACCEPT","71"
"3.1:8_50","1234270653592773036","RESPONDENT","REJECT","26"
"3.1:8_50","322539812366027227","BIDDER","87","REJECT"
"3.1:9_50","1234270653592773036","RESPONDENT","96","REJECT"
"3.1:9_50","322539812366027227","BIDDER","ACCEPT","37"
"3.1:10_50","1234270653592773036","RESPONDENT","ACCEPT","39"
"3.1:10_50","322539812366027227","BIDDER","4","REJECT"
"3.1:1_50","13576128361033328129","BIDDER","70","REJECT"
"3.1:1_50","4750455911807094376","RESPONDENT","ACCEPT","98"
"3.1:2_50","13576128361033328129","BIDDER","17","REJECT"
"3.1:2_50","4750455911807094376","RESPONDENT","REJECT","36"
"3.1:3_50","13576128361033328129","RESPONDENT","59","REJECT"
"3.1:3_50","4750455911807094376","BIDDER","ACCEPT","1"
"3.1:4_50","13576128361033328129","BIDDER","REJECT","16"
"3.1:4_50","4750455911807094376","RESPONDENT","17","ACCEPT"
"3.1:5_50","13576128361033328129","RESPONDENT","14","ACCEPT"
"3.1:5_50","4750455911807094376","BIDDER","REJECT","9"
"3.1:6_50","13576128361033328129","RESPONDENT","23","REJECT"
"3.1:6_50","4750455911807094376","BIDDER","ACCEPT","31"
"3.1:7_50","13576128361033328129","RESPONDENT","REJECT"
"3.1:7_50","4750455911807094376","BIDDER","77"
"3.1:8_50","13576128361033328129","RESPONDENT","ACCEPT","43"
"3.1:8_50","4750455911807094376","BIDDER","91","ACCEPT"
"3.1:9_50","13576128361033328129","RESPONDENT","84","REJECT"
"3.1:9_50","4750455911807094376","BIDDER","REJECT","18"
"3.1:10_50","13576128361033328129","BIDDER","25","ACCEPT"
"3.1:10_50","4750455911807094376","RESPONDENT","ACCEPT","57"
"3.1:1_50","10279283761776913363","RESPONDENT","24","ACCEPT"
"3.1:1_50","1104470648943715602","BIDDER","REJECT","16"
"3.1:2_50","10279283761776913363","BIDDER","41","REJECT"
"3.1:2_50","1104470648943715602","RESPONDENT","REJECT","29"
"3.1:3_50","10279283761776913363","RESPONDENT","79","ACCEPT"
"3.1:3_50","1104470648943715602","BIDDER","ACCEPT","56"
"3.1:4_50","10279283761776913363","RESPONDENT","65","REJECT"
"3.1:4_50","1104470648943715602","BIDDER","ACCEPT","25"
"3.1:5_50","10279283761776913363","RESPONDENT","36","REJECT"
"3.1:5_50","1104470648943715602","BIDDER","REJECT","31"
"3.1:6_50","10279283761776913363","RESPONDENT","1","ACCEPT"
"3.1:6_50","1104470648943715602","BIDDER","ACCEPT","7"
"3.1:7_50","10279283761776913363","BIDDER","63"
"3.1:7_50","1104470648943715602","RESPONDENT","ACCEPT"
"3.1:8_50","10279283761776913363","RESPONDENT","ACCEPT"
"3.1:8_50","1104470648943715602","BIDDER","20"
"3.1:9_50","10279283761776913363","BIDDER","ACCEPT","25"
"3.1:9_50","1104470648943715602","RESPONDENT","67","REJECT"
"3.1:10_50","10279283761776913363","RESPONDENT","15","ACCEPT"
"3.1:10_50","1104470648943715602","BIDDER","ACCEPT","18"
"3.1:1_50","1234270653592773036","BIDDER","ACCEPT","47"
"3.1:1_50","322539812366027227","RESPONDENT","2","REJECT"
"3.1:2_50","1234270653592773036","RESPONDENT","93","ACCEPT"
"3.1:2_50","322539812366027227","BIDDER","ACCEPT","14"
"3.1:3_50","1234270653592773036","RESPONDENT","73","ACCEPT"
"3.1:3_50","322539812366027227","BIDDER","REJECT","42"
"3.1:4_50","1234270653592773036","RESPONDENT","18","ACCEPT"
"3.1:4_50","322539812366027227","BIDDER","REJECT","30"
"3.1:5_50","1234270653592773036","RESPONDENT","53","ACCEPT"
"3.1:5_50","322539812366027227","BIDDER","ACCEPT","39"
"3.1:6_50","1234270653592773036","BIDDER","REJECT","7"
"3.1:6_50","322539812366027227","RESPONDENT","77","ACCEPT"
"3.1:7_50","1234270653592773036","RESPONDENT","48","REJECT"
"3.1:7_50","322539812366027227","BIDDER","ACCEPT","22"
"3.1:8_50","1234270653592773036","RESPONDENT","REJECT","26"
"3.1:8_50","322539812366027227","BIDDER","14","REJECT"
"3.1:9_50","1234270653592773036","RESPONDENT","96","REJECT"
"3.1:9_50","322539812366027227","BIDDER","ACCEPT","33"
"3.1:10_50","1234270653592773036","RESPONDENT","ACCEPT","39"
"3.1:10_50","322539812366027227","BIDDER","64","REJECT"
"3.1:1_50","10279283761776913363","RESPONDENT","24","ACCEPT"
"3.1:1_50","1104470648943715602","BIDDER","REJECT","73"
"3.1:2_50","10279283761776913363","BIDDER","81","REJECT"
"3.1:2_50","1104470648943715602","RESPONDENT","ACCEPT","29"
"3.1:3_50","10279283761776913363","RESPONDENT","79","REJECT"
"3.1:3_50","1104470648943715602","BIDDER","ACCEPT","91"
"3.1:4_50","10279283761776913363","BIDDER","16","REJECT"
"3.1:4_50","1104470648943715602","RESPONDENT","ACCEPT","25"
"3.1:5_50","10279283761776913363","BIDDER","76","REJECT"
"3.1:5_50","1104470648943715602","RESPONDENT","ACCEPT","31"
"3.1:6_50","10279283761776913363","RESPONDENT","1","ACCEPT"
"3.1:6_50","1104470648943715602","BIDDER","ACCEPT","88"
"3.1:7_50","10279283761776913363","RESPONDENT","63","REJECT"
"3.1:7_50","1104470648943715602","BIDDER","ACCEPT","71"
"3.1:8_50","10279283761776913363","RESPONDENT","REJECT"
"3.1:8_50","1104470648943715602","BIDDER","80"
"3.1:9_50","10279283761776913363","RESPONDENT","ACCEPT","25"
"3.1:9_50","1104470648943715602","BIDDER","73","REJECT"
"3.1:10_50","10279283761776913363","RESPONDENT","15","ACCEPT"
"3.1:10_50","1104470648943715602","BIDDER","ACCEPT","89"
"3.1:1_50","1234270653592773036","BIDDER","ACCEPT","62"
"3.1:1_50","322539812366027227","RESPONDENT","2","ACCEPT"
"3.1:2_50","1234270653592773036","RESPONDENT","93","REJECT"
"3.1:2_50","322539812366027227","BIDDER","ACCEPT","40"
"3.1:3_50","1234270653592773036","RESPONDENT","73","ACCEPT"
"3.1:3_50","322539812366027227","BIDDER","REJECT","33"
"3.1:4_50","1234270653592773036","RESPONDENT","18","ACCEPT"
"3.1:4_50","322539812366027227","BIDDER","REJECT","98"
"3.1:5_50","1234270653592773036","RESPONDENT","53","ACCEPT"
"3.1:5_50","322539812366027227","BIDDER","ACCEPT","28"
"3.1:6_50","1234270653592773036","BIDDER","REJECT","53"
"3.1:6_50","322539812366027227","RESPONDENT","77","ACCEPT"
"3.1:7_50","1234270653592773036","BIDDER","9","REJECT"
"3.1:7_50","322539812366027227","RESPONDENT","REJECT","22"
"3.1:8_50","1234270653592773036","RESPONDENT","REJECT","26"
"3.1:8_50","322539812366027227","BIDDER","25","REJECT"
"3.1:9_50","1234270653592773036","RESPONDENT","96","REJECT"
"3.1:9_50","322539812366027227","BIDDER","ACCEPT","25"
"3.1:10_50","1234270653592773036","BIDDER","ACCEPT","31"
"3.1:10_50","322539812366027227","RESPONDENT","64","ACCEPT"
"3.1:1_50","10279283761776913363","BIDDER","94","ACCEPT"
"3.1:1_50","1104470648943715602","RESPONDENT","ACCEPT","73"
"3.1:2_50","10279283761776913363","RESPONDENT","81","ACCEPT"
"3.1:2_50","1104470648943715602","BIDDER","ACCEPT","10"
"3.1:3_50","10279283761776913363","BIDDER","61","REJECT"
"3.1:3_50","1104470648943715602","RESPONDENT","ACCEPT","91"
"3.1:4_50","10279283761776913363","RESPONDENT","16","ACCEPT"
"3.1:4_50","1104470648943715602","BIDDER","ACCEPT","78"
"3.1:5_50","10279283761776913363","BIDDER","13","REJECT"
"3.1:5_50","1104470648943715602","RESPONDENT","ACCEPT","31"
"3.1:6_50","10279283761776913363","BIDDER","9","ACCEPT"
"3.1:6_50","1104470648943715602","RESPONDENT","REJECT","88"
"3.1:7_50","10279283761776913363","RESPONDENT","63","ACCEPT"
"3.1:7_50","1104470648943715602","BIDDER","ACCEPT","3"
"3.1:8_50","10279283761776913363","RESPONDENT","ACCEPT"
"3.1:8_50","1104470648943715602","BIDDER","24"
"3.1:9_50","10279283761776913363","BIDDER","ACCEPT","14"
"3.1:9_50","1104470648943715602","RESPONDENT","73","REJECT"
"3.1:10_50","10279283761776913363","BIDDER","51","ACCEPT"
"3.1:10_50","1104470648943715602","RESPONDENT","ACCEPT","89"
"3.1:1_50","1234270653592773036","BIDDER","ACCEPT","73"
"3.1:1_50","322539812366027227","RESPONDENT","2","ACCEPT"
"3.1:2_50","1234270653592773036","RESPONDENT","93","ACCEPT"
"3.1:2_50","322539812366027227","BIDDER","ACCEPT","60"
"3.1:3_50","1234270653592773036","RESPONDENT","73","REJECT"
"3.1:3_50","322539812366027227","BIDDER","REJECT","87"
"3.1:4_50","1234270653592773036","BIDDER","52","ACCEPT"
"3.1:4_50","322539812366027227","RESPONDENT","ACCEPT","98"
"3.1:5_50","1234270653592773036","BIDDER","51","ACCEPT"
"3.1:5_50","322539812366027227","RESPONDENT","REJECT","28"
"3.1:6_50","1234270653592773036","RESPONDENT","REJECT","53"
"3.1:6_50","322539812366027227","BIDDER","53","ACCEPT"
"3.1:7_50","1234270653592773036","RESPONDENT","9","ACCEPT"
"3.1:7_50","322539812366027227","BIDDER","REJECT","65"
"3.1:8_50","1234270653592773036","BIDDER","REJECT","62"
"3.1:8_50","322539812366027227","RESPONDENT","25","REJECT"
"3.1:9_50","1234270653592773036","RESPONDENT","96","ACCEPT"
"3.1:9_50","322539812366027227","BIDDER","ACCEPT","84"
"3.1:10_50","1234270653592773036","RESPONDENT","REJECT","31"
"3.1:10_50","322539812366027227","BIDDER","66","ACCEPT"
"3.1:1_50","10279283761776913363","RESPONDENT","94","REJECT"
"3.1:1_50","1104470648943715602","BIDDER","ACCEPT","8"
"3.1:2_50","10279283761776913363","RESPONDENT","81","ACCEPT"
"3.1:2_50","1104470648943715602","BIDDER","ACCEPT","1"
"3.1:3_50","10279283761776913363","BIDDER","57","REJECT"
"3.1:3_50","1104470648943715602","RESPONDENT","REJECT","91"
"3.1:4_50","10279283761776913363","RESPONDENT","16","ACCEPT"
"3.1:4_50","1104470648943715602","BIDDER","ACCEPT","8"
"3.1:5_50","10279283761776913363","RESPONDENT","13","REJECT"
"3.1:5_50","1104470648943715602","BIDDER","ACCEPT","6"
"3.1:6_50","10279283761776913363","RESPONDENT","9","REJECT"
"3.1:6_50","1104470648943715602","BIDDER","REJECT","80"
"3.1:7_50","10279283761776913363","RESPONDENT","63","ACCEPT"
"3.1:7_50","1104470648943715602","BIDDER","ACCEPT","49"
"3.1:8_50","10279283761776913363","RESPONDENT","REJECT"
"3.1:8_50","1104470648943715602","BIDDER","79"
"3.1:9_50","10279283761776913363","BIDDER","ACCEPT","18"
"3.1:9_50","1104470648943715602","RESPONDENT","73","REJECT"
"3.1:10_50","10279283761776913363","RESPONDENT","51","REJECT"
"3.1:10_50","1104470648943715602","BIDDER","ACCEPT","34"
"3.1:1_50","1234270653592773036","RESPONDENT","REJECT","73"
"3.1:1_50","322539812366027227","BIDDER","23","ACCEPT"
"3.1:2_50","1234270653592773036","RESPONDENT","93","ACCEPT"
"3.1:2_50","322539812366027227","BIDDER","ACCEPT","87"
"3.1:3_50","1234270653592773036","BIDDER","56","REJECT"
"3.1:3_50","322539812366027227","RESPONDENT","ACCEPT","87"
"3.1:4_50","1234270653592773036","BIDDER","8","ACCEPT"
"3.1:4_50","322539812366027227","RESPONDENT","REJECT","98"
"3.1:5_50","1234270653592773036","BIDDER","89","ACCEPT"
"3.1:5_50","322539812366027227","RESPONDENT","REJECT","28"
"3.1:6_50","1234270653592773036","BIDDER","REJECT","28"
"3.1:6_50","322539812366027227","RESPONDENT","53","REJECT"
"3.1:7_50","1234270653592773036","RESPONDENT","9","REJECT"
"3.1:7_50","322539812366027227","BIDDER","REJECT","44"
"3.1:8_50","1234270653592773036","RESPONDENT","REJECT","62"
"3.1:8_50","322539812366027227","BIDDER","56","REJECT"
"3.1:9_50","1234270653592773036","BIDDER","53","ACCEPT"
"3.1:9_50","322539812366027227","RESPONDENT","REJECT","84"
"3.1:10_50","1234270653592773036","BIDDER","REJECT","90"
"3.1:10_50","322539812366027227","RESPONDENT","66","ACCEPT"
"3.1:1_50","10279283761776913363","BIDDER","98","REJECT"
"3.1:1_50","1104470648943715602","RESPONDENT","ACCEPT","8"
"3.1:2_50","10279283761776913363","RESPONDENT","81","REJECT"
"3.1:2_50","1104470648943715602","BIDDER","ACCEPT","57"
"3.1:3_50","10279283761776913363","BIDDER","93","REJECT"
"3.1:3_50","1104470648943715602","RESPONDENT","ACCEPT","91"
"3.1:4_50","10279283761776913363","RESPONDENT","16","ACCEPT"
"3.1:4_50","1104470648943715602","BIDDER","ACCEPT","83"
"3.1:5_50","10279283761776913363","RESPONDENT","13","REJECT"
"3.1:5_50","1104470648943715602","BIDDER","ACCEPT","98"
"3.1:6_50","10279283761776913363","BIDDER","4","REJECT"
"3.1:6_50","1104470648943715602","RESPONDENT","REJECT","80"
"3.1:7_50","10279283761776913363","BIDDER","40","ACCEPT"
"3.1:7_50","1104470648943715602","RESPONDENT","ACCEPT","49"
"3.1:8_50","10279283761776913363","RESPONDENT","REJECT"
"3.1:8_50","1104470648943715602","BIDDER","73"
"3.1:9_50","10279283761776913363","BIDDER","ACCEPT","17"
"3.1:9_50","1104470648943715602","RESPONDENT","73","REJECT"
"3.1:10_50","10279283761776913363","RESPONDENT","51","ACCEPT"
"3.1:10_50","1104470648943715602","BIDDER","ACCEPT","12"
"3.1:1_50","1234270653592773036","BIDDER","REJECT","40"
"3.1:1_50","322539812366027227","RESPONDENT","23","ACCEPT"
"3.1:2_50","1234270653592773036","RESPONDENT","93","ACCEPT"
"3.1:2_50","322539812366027227","BIDDER","ACCEPT","95"
"3.1:3_50","1234270653592773036","RESPONDENT","56","ACCEPT"
"3.1:3_50","322539812366027227","BIDDER","ACCEPT","56"
"3.1:4_50","1234270653592773036","BIDDER","83","ACCEPT"
"3.1:4_50","322539812366027227","RESPONDENT","REJECT","98"
"3.1:5_50","1234270653592773036","RESPONDENT","89","REJECT"
"3.1:5_50","322539812366027227","BIDDER","REJECT","32"
"3.1:6_50","1234270653592773036","BIDDER","REJECT","67"
"3.1:6_50","322539812366027227","RESPONDENT","53","ACCEPT"
"3.1:7_50","1234270653592773036","RESPONDENT","9","REJECT"
"3.1:7_50","322539812366027227","BIDDER","REJECT","75"
"3.1:8_50","1234270653592773036","BIDDER","REJECT","15"
"3.1:8_50","322539812366027227","RESPONDENT","56","ACCEPT"
"3.1:9_50","1234270653592773036","RESPONDENT","53","ACCEPT"
"3.1:9_50","322539812366027227","BIDDER","REJECT","54"
"3.1:10_50","1234270653592773036","BIDDER","REJECT","70"
"3.1:10_50","322539812366027227","RESPONDENT","66","ACCEPT"
"3.1:1_50","10279283761776913363","RESPONDENT","98","REJECT"
"3.1:1_50","1104470648943715602","BIDDER","ACCEPT","4"
"3.1:2_50","10279283761776913363","RESPONDENT","81","ACCEPT"
"3.1:2_50","1104470648943715602","BIDDER","ACCEPT","96"
"3.1:3_50","10279283761776913363","RESPONDENT","93","REJECT"
"3.1:3_50","1104470648943715602","BIDDER","ACCEPT","11"
"3.1:4_50","10279283761776913363","RESPONDENT","16","ACCEPT"
"3.1:4_50","1104470648943715602","BIDDER","ACCEPT","37"
"3.1:5_50","10279283761776913363","RESPONDENT","13","ACCEPT"
"3.1:5_50","1104470648943715602","BIDDER","ACCEPT","88"
"3.1:6_50","10279283761776913363","RESPONDENT","4","ACCEPT"
"3.1:6_50","1104470648943715602","BIDDER","REJECT","78"
"3.1:7_50","10279283761776913363","RESPONDENT","40","ACCEPT"
"3.1:7_50","1104470648943715602","BIDDER","ACCEPT","35"
"3.1:8_50","10279283761776913363","BIDDER","REJECT","23"
"3.1:8_50","1104470648943715602","RESPONDENT","73","REJECT"
"3.1:9_50","10279283761776913363","BIDDER","ACCEPT","16"
"3.1:9_50","1104470648943715602","RESPONDENT","73","ACCEPT"
"3.1:10_50","10279283761776913363","RESPONDENT","51","REJECT"
"3.1:10_50","1104470648943715602","BIDDER","ACCEPT","14"
"3.1:1_50","1234270653592773036","RESPONDENT","ACCEPT","40"
"3.1:1_50","322539812366027227","BIDDER","100","ACCEPT"
"3.1:2_50","1234270653592773036","RESPONDENT","93","ACCEPT"
"3.1:2_50","322539812366027227","BIDDER","ACCEPT","46"
"3.1:3_50","1234270653592773036","BIDDER","16","ACCEPT"
"3.1:3_50","322539812366027227","RESPONDENT","ACCEPT","56"
"3.1:4_50","1234270653592773036","BIDDER","12","ACCEPT"
"3.1:4_50","322539812366027227","RESPONDENT","ACCEPT","98"
"3.1:5_50","1234270653592773036","RESPONDENT","89","ACCEPT"
"3.1:5_50","322539812366027227","BIDDER","REJECT","64"
"3.1:6_50","1234270653592773036","RESPONDENT","ACCEPT","67"
"3.1:6_50","322539812366027227","BIDDER","93","ACCEPT"
"3.1:7_50","1234270653592773036","RESPONDENT","9","ACCEPT"
"3.1:7_50","322539812366027227","BIDDER","REJECT","61"
"3.1:8_50","1234270653592773036","RESPONDENT","ACCEPT","15"
"3.1:8_50","322539812366027227","BIDDER","85","ACCEPT"
"3.1:9_50","1234270653592773036","BIDDER","35","ACCEPT"
"3.1:9_50","322539812366027227","RESPONDENT","REJECT","54"
"3.1:10_50","1234270653592773036","BIDDER","REJECT","2"
"3.1:10_50","322539812366027227","RESPONDENT","66","ACCEPT"
"3.1:1_50","10279283761776913363","RESPONDENT","98","REJECT"
"3.1:1_50","1104470648943715602","BIDDER","ACCEPT","22"
"3.1:2_50","10279283761776913363","BIDDER","2","ACCEPT"
"3.1:2_50","1104470648943715602","RESPONDENT","REJECT","96"
"3.1:3_50","10279283761776913363","RESPONDENT","93","ACCEPT"
"3.1:3_50","1104470648943715602","BIDDER","ACCEPT","100"
"3.1:4_50","10279283761776913363","BIDDER","19","ACCEPT"
"3.1:4_50","1104470648943715602","RESPONDENT","ACCEPT","37"
"3.1:5_50","10279283761776913363","RESPONDENT","13","ACCEPT"
"3.1:5_50","1104470648943715602","BIDDER","ACCEPT","54"
"3.1:6_50","10279283761776913363","BIDDER","65","ACCEPT"
"3.1:6_50","1104470648943715602","RESPONDENT","REJECT","78"
"3.1:7_50","10279283761776913363","BIDDER","32","ACCEPT"
"3.1:7_50","1104470648943715602","RESPONDENT","REJECT","35"
"3.1:8_50","10279283761776913363","RESPONDENT","ACCEPT","23"
"3.1:8_50","1104470648943715602","BIDDER","50","REJECT"
"3.1:9_50","10279283761776913363","BIDDER","ACCEPT","73"
"3.1:9_50","1104470648943715602","RESPONDENT","73","REJECT"
"3.1:10_50","10279283761776913363","RESPONDENT","51","REJECT"
"3.1:10_50","1104470648943715602","BIDDER","ACCEPT","98"
"3.1:1_50","1234270653592773036","BIDDER","ACCEPT","87"
"3.1:1_50","322539812366027227","RESPONDENT","100","ACCEPT"
"3.1:2_50","1234270653592773036","RESPONDENT","93","REJECT"
"3.1:2_50","322539812366027227","BIDDER","ACCEPT","65"
"3.1:3_50","1234270653592773036","BIDDER","13","ACCEPT"
"3.1:3_50","322539812366027227","RESPONDENT","REJECT","56"
"3.1:4_50","1234270653592773036","RESPONDENT","12","REJECT"
"3.1:4_50","322539812366027227","BIDDER","ACCEPT","65"
"3.1:5_50","1234270653592773036","BIDDER","92","ACCEPT"
"3.1:5_50","322539812366027227","RESPONDENT","REJECT","64"
"3.1:6_50","1234270653592773036","BIDDER","ACCEPT","72"
"3.1:6_50","322539812366027227","RESPONDENT","93","ACCEPT"
"3.1:7_50","1234270653592773036","RESPONDENT","9","REJECT"
"3.1:7_50","322539812366027227","BIDDER","REJECT","91"
"3.1:8_50","1234270653592773036","RESPONDENT","REJECT","15"
"3.1:8_50","322539812366027227","BIDDER","5","ACCEPT"
"3.1:9_50","1234270653592773036","BIDDER","91","ACCEPT"
"3.1:9_50","322539812366027227","RESPONDENT","REJECT","54"
"3.1:10_50","1234270653592773036","RESPONDENT","ACCEPT","2"
"3.1:10_50","322539812366027227","BIDDER","12","ACCEPT"
"3.1:1_50","10279283761776913363","BIDDER","39","REJECT"
"3.1:1_50","1104470648943715602","RESPONDENT","REJECT","22"
"3.1:2_50","10279283761776913363","RESPONDENT","2","REJECT"
"3.1:2_50","1104470648943715602","BIDDER","REJECT","12"
"3.1:3_50","10279283761776913363","BIDDER","9","ACCEPT"
"3.1:3_50","1104470648943715602","RESPONDENT","ACCEPT","100"
"3.1:4_50","10279283761776913363","BIDDER","57","ACCEPT"
"3.1:4_50","1104470648943715602","RESPONDENT","REJECT","37"
"3.1:5_50","10279283761776913363","BIDDER","81","ACCEPT"
"3.1:5_50","1104470648943715602","RESPONDENT","REJECT","54"
"3.1:6_50","10279283761776913363","BIDDER","83","ACCEPT"
"3.1:6_50","1104470648943715602","RESPONDENT","REJECT","78"
"3.1:7_50","10279283761776913363","BIDDER","9","ACCEPT"
"3.1:7_50","1104470648943715602","RESPONDENT","ACCEPT","35"
"3.1:8_50","10279283761776913363","RESPONDENT","REJECT","23"
"3.1:8_50","1104470648943715602","BIDDER","78","REJECT"
"3.1:9_50","10279283761776913363","RESPONDENT","REJECT","73"
"3.1:9_50","1104470648943715602","BIDDER","48","REJECT"
"3.1:10_50","10279283761776913363","BIDDER","77","REJECT"
"3.1:10_50","1104470648943715602","RESPONDENT","ACCEPT","98"
